Phase,Accuracy,F1 Score
Val,0.6232,0.63203125
Test,0.6424683848247159,0.6493995761714151
